start	end	text
0	6060	Have you ever seen a machine do exactly what it's supposed to do just once and assumed it must be,
6100	11200	you know, perfectly designed? Oh, we all do that. It's human nature. Right. Think about it for a
11200	14800	second. If you're listening to this while you're driving or maybe just sitting at your desk,
15280	19520	think about the last time you watched a demonstration. Like a tech demo. Exactly.
19640	27020	A tech demo. Maybe it was a new piece of software generating a flawless image or a robotic arm
27020	33320	catching a ball or honestly, even just a friend attempting an incredibly complicated recipe for
33320	38080	the very first time. And they just absolutely nail it. They nail it. It looks completely flawless.
38400	44500	And your immediate reflexive thought is, wow, they have completely mastered this. Yeah. We just
44500	49880	automatically extrapolate from that one moment. We totally extrapolate. Yeah. But today we are
49880	55000	tearing down that illusion. We are dismantling what you might call the illusion of the favorable
55000	62540	instant. It is a deeply persuasive illusion. And it's practically hardwired into how we perceive
62540	68540	the world. I mean, we're pattern-seeking creatures. So we look at a single successful outcome, a snapshot
68540	75400	in time, really, and we immediately attribute a permanent underlying capacity to whatever produced it.
75480	81040	We just assume it's always going to work that well. Exactly. We see the result and we silently,
81040	86640	unconsciously fill in all the blanks about how reliable or how resilient or robust that system
86640	92220	must be behind the scenes. But what if that single success, you know, that one correct output or that
92220	97260	fleeting moment where all the conditions just magically aligned, what if that's actually completely
97260	102640	disconnected from an actual enduring capacity to do something? That's the big question. Like what if
102640	107680	succeeding once actually proves absolutely nothing? That is exactly the premise we are exploring
107680	114020	today. And it's not just a philosophical question. It is a massive problem in how we evaluate
114020	119620	everything from quantum computers to environmental policies. It's everywhere. It is. We use words in
119620	125660	science and frankly, in everyday life, very freely. We say a planet is habitable. We say a new material
125660	131600	absorbs energy. We say a device thermalizes a system. We throw these words around as if they are simple,
131600	137200	observable traits. Like saying an apple is red. Yeah. Or a rock is heavy. But they aren't simple
137200	142160	traits. Not at all. And that brings us to the core concept we're going to unpack today.
142880	148320	These capacity words are what we should actually call compressed commitments. Compressed commitments.
148320	153440	I like that. They're basically promises. When you look at an engineering spec sheet or a scientific
153440	159660	headline and it uses one of these capacity words, it is implicitly promising that the system can survive
159660	166700	a whole range of variations. Okay. That it can endure over a meaningful period of time and that
166700	172460	it can overcome its own internal hurdles and, you know, inefficiencies. Okay, let's unpack this.
172460	177820	Because if a word is a compressed commitment, we need to know exactly what we are committing to when we
177820	182940	use it. Absolutely. And to do that, we have a really incredible roadmap for this deep dive.
182940	189660	We are basing our entire investigation today on a fascinating 2026 paper by Flyxion Independent
189660	194540	Researcher. It's a great paper. It really is. The paper is titled Continuable Suitability,
194940	201100	Output, Persistence, and Acquisition in the Attribution of Capacity. It's a very dense title,
201100	207820	but a brilliant framework. Very dense. But to understand this framework, the author takes us on a tour of
207820	213740	sources that, at first glance, seem like they belong in completely different universities,
213740	219180	let alone the same paper. They cover a lot of ground. We are going to start at the absolute
219820	226940	subatomic cutting edge of quantum physics. Right. Then we're going to travel back four billion years
226940	232300	to the molten dawn of life on the Haitian Earth. Which is wild. So wild. After that,
232300	238140	will splash down into the extremely practical world of modern ocean wave energy engineering.
238140	243180	And finally, we're going to zoom way, way out to look at deep time climate regimes over hundreds of
243180	247900	millions of years. And the connective tissue between all of these wildly different fields is
247900	252380	exactly what you mentioned earlier, the danger of taking a snapshot and calling it a movie. Yes.
252380	256620	We're going to see exactly what it takes to actually earn these capacity labels rather than just
256620	261980	borrowing them based on a single lucky result. I love that. Taking a snapshot and calling it a movie.
262540	266620	So let's look at the first frame of this movie. Let's start with the smallest possible scale.
266620	271660	Let's talk about the quantum trick and what the paper calls the space of alternatives.
272220	276780	This is a perfect place to start because it strips everything down to pure physics. Okay.
276780	281420	In quantum mechanics, there is a concept known as the Planckian timescale bound.
281420	285340	The Planckian timescale bound. Right. If you want to write it mathematically,
285340	291740	it's the reduced Planck constant, which is represented by h-bar divided by the Boltzmann constant times
291740	297260	temperature. Okay. So tau sub pl equals h-bar over kbt. Exactly.
297260	302380	Okay. Hold on. Before we go any further, translate that into physical reality for me and the listener.
302380	306300	Like, what is that equation actually describing? What is a Planckian timescale?
306300	312540	Think of it as a fundamental speed limit of the universe. A speed limit? Yeah. The Planck constant is
312540	318780	essentially the scale of quantum fuzziness or jitter. And the Boltzmann constant times temperature
318780	324620	represents the thermal energy, like the chaotic heat noise in a system. Okay. Jitter and heat noise.
324620	331180	Right. When you divide the quantum jitter by the thermal noise, you get a unit of time. And for a
331180	338940	very long time, physicists looked at this specific fraction as the absolute rock bottom floor for how
338940	343580	fast a quantum system can thermalize. And by thermalize, you mean how fast it can reach
344300	349740	thermal equilibrium, like an ice cube melting in a glass of water, but on a quantum level.
349740	355900	Exactly. It's the process of a system settling into what physicists call a thermal Gibbs state,
355900	359420	basically a stable distribution of energy. Okay. Got it.
359420	364700	The consensus was you simply cannot dissipate heat or reach that thermal state any faster than
364700	369980	this specific timescale dictates. It is a hard limit. But I'm guessing someone found a way around it.
369980	374620	But then as physicists love to do, someone proposed a clever thought experiment that seemed to
374620	379340	completely break this universal rule. It's known in the literature as the swap counter
379340	382940	example. I remember reading this in the source notes and it genuinely made me laugh because it
382940	387820	feels like a loophole a lawyer would come up with, not a physicist. Explain the swap device to us.
387820	393340	Okay. Imagine you want to build a machine to thermalize a specific quantum system. You know
393340	399660	exactly what the final perfect thermal state of the system is supposed to look like. So instead of
399660	406220	actually putting the raw system through the physical time consuming process of cooling down or heating up.
406220	409980	The actual work. Right. The actual work of interacting with an environment.
409980	416540	Instead of doing that, your machine just cheats. It has an exact pre-prepared copy of that final
416540	421580	thermal state hidden away inside a quantum memory register. A cheat sheet.
421580	427100	Yeah. They call it an ancilla. Like a magician hiding a dove in their sleeve. Exactly. And when you turn
427100	433340	the machine on, it literally just swaps the raw input system for the finished pre-prepared output. It
433340	437900	just trades places. Well done. Boom. It's instantaneous. It takes essentially zero time,
437900	443340	completely blowing past that supposed Planckian speed limit. And so physicists had to look at this
443340	449340	device and ask a really uncomfortable question. If you just look at the output, the machine produced
449340	455340	the exact correct thermal state. Did it thermalize the system? Right. If you only judge a process by a
455340	461100	single snapshot of its output, the answer seems to be yes. But physically, intuitively, it feels like
461100	466620	cheating. Because it is cheating. It is. And the resolution to this puzzle, which the paper highlights
466620	472700	through some groundbreaking work by Abuso and colleagues, requires us to completely re-evaluate
472700	478700	what we consider the task to be. Okay. The task cannot just be produce the correct state once. Wait. If
478700	483340	the task isn't producing the correct state, what is it? What does it actually mean to be a thermalizer?
483340	489740	To be a true thermalizer, the machine cannot rely on having the answer in advance for one
489740	495980	highly specific system. It has to run one fixed, unvarying control routine that successfully
495980	500860	thermalizes an entire neighborhood of different Hamiltonians. Okay. You need to define Hamiltonian
500860	507660	for me. Think of a Hamiltonian as sort of the mathematical DNA of a quantum system. Okay. DNA.
507660	512460	Right. It's the set of rules that dictates the total energy and the specific dynamics of that
512460	519100	system. Every distinct system has its own unique Hamiltonian. Got it. The Abuso theorem argues that
519100	524460	a real thermalizer must be able to take any system whose Hamiltonian falls within a certain range,
524460	529900	a declared variation class or neighborhood, and bring it to its own unique correct thermal state.
529900	533900	So it has to work for a bunch of them. It has to work for the whole class of variations,
533900	539420	not just a single pre-calculated input. Okay. I have an analogy for this. So the swap device
539420	545100	is basically lip syncing. Lip syncing. I like where this is going. Think about it. The swap device
545100	551340	has the track queued up perfectly. If you just watch that one performance, that one song,
551340	557580	you think, wow, what an incredible singer. The output is flawless. Exactly. Flawless output. Yeah. But
557580	562940	if the band suddenly changes the song, if the input jumps to a different Hamiltonian within that
562940	567660	neighborhood, the lip syncer completely fails. Yeah. They're stuck in the first song.
567660	572380	They just keep mouthing the words to the first song while the band plays something entirely different.
573020	578380	To truly earn the title of a singer, you have to be able to adapt to the live music. You have to
578380	583340	listen to the specific input you were given and generate the correct output dynamically. That is a
583340	588540	phenomenal analogy. The lip sensor is what the author of the paper would call stored correctness or
588540	593500	accidental correctness. Accidental correctness. The output is invariant. It just spits out the
593500	597580	exact same thing regardless of the input it receives. But what the operation of true
597580	603580	thermalization actually requires is an output that is covariant with the input. Covariant. Right. It has
603580	608380	to track the changes. If you give it Hamiltonian A, it produces thermal state A. If you give it
608380	613500	Hamiltonian B, it dynamically produces thermal state B. And this is where the speed limit comes back into play,
613500	618940	right? Because adapting takes time. Precisely. This is the deeper physics of why the planking
618940	624780	bound exists. The Abuso paper proves that the machine needs what they call Hamiltonian sensitivity.
624780	630300	Hamiltonian sensitivity. The dynamics of the machine must take physical time to actually
630300	636540	separate the outputs based on the specific input it faces. It's a concept called distinguishability.
636540	642940	Distinguishability. So the machine physically has to figure out what it's looking at before it can process it.
642940	649420	Yes. If two different Hamiltonians go into the machine, the machine has to end up producing two
649420	654620	distinctly different target states. The rules of quantum mechanics, specifically things related to
654620	661500	the generalized Heisenberg limit, put a hard cap on how fast two quantum states can diverge from each other
661500	667740	based on a single fixed internal routine. So it physically can't happen instantly. Exactly. That
667740	672620	divergence, that physical separating of paths is what the Planckian bound is actually measuring.
673340	678940	The paper offers a really useful heuristic for this information acquisition. It's as if the machine
678940	683900	has to take the time to learn which Hamiltonian it is currently facing. I love that framing. It has to
683900	688940	learn. It can't just know. It has to do the work. Now, the author is careful to say we shouldn't push
688940	694780	that learning metaphor too strictly into the actual thermodynamics of information. It's not necessarily
694780	700300	about the literal energetic cost of erasing computing bits. Sure. But the core principle
700300	707100	is rock solid. A thermalizer needs exactly as much Hamiltonian sensitivity as the distinguishability of
707100	713420	the target states demands. If you require the machine to work across a wide variety of inputs,
713420	718060	you force it to spend time generating that sensitivity. That makes total sense. The Planckian
718060	723420	bound isn't a speed limit on simply producing a state. It's a speed limit on an operation defined by
723420	729260	its variation class. This is such a massive shift in perspective for me. And if you, the listener,
729260	734540	connect this to the bigger picture of the technology we use every day, it really makes you wonder how
734540	740460	often we are building swapped devices and mistakenly giving them massive capacity labels. I mean, look at
740460	745260	artificial intelligence. Look at large language models. That is the perfect modern parallel. Right.
745260	751500	How often do we see an AI system memorize a massive data set of human text, and then we prompt it,
751500	756780	and it regurgitates the perfect flawless answer to a specific question. And our immediate reaction,
756780	761820	the illusion of the favorable instant, is to call it intelligent. We say it understands the concept.
761820	767180	It happens constantly in the tech industry. We are evaluating the instantaneous output, what the
767180	772460	paper calls the state predicate, rather than the actual capacity predicate. The AI might just be
772460	779180	swapping in a stored, highly probable string of text based on its training weights. It's lip syncing. Exactly.
779180	785580	And you can prove it's lip syncing. If you slightly alter the underlying logical rules of the prompt,
785580	790060	if you shift the Hamiltonian of the question to something outside its immediate training
790060	796940	distribution, does the system dynamically adapt and compute the new correct answer? Often, no. It
796940	802300	confidently lip syncs the wrong song. Which is exactly why AI hallucinations are so common. It
802300	807740	doesn't have true Hamiltonian sensitivity to the actual logic of the real world. It just has stored
807740	812620	correctness for its training data. It's a specialization failure. That's a great way to put it. It only
812620	817980	succeeds if the input matches what it already has in its sleeve. That is exactly the lesson of the quantum
817980	823660	example. For a system to possess a continuable capacity, it must survive different inputs.
823660	829260	The variation class must be declared and tested. But this raises the next major question in our
829260	836140	roadmap. What if the input is perfectly consistent? What if there is no variation in the task itself,
836140	842860	but the enemy the system faces is time? Oh, this is where it gets so dramatic. It really does. To explore
842860	848700	the dimension of time, the author takes us from the subatomic quantum realm all the way back four
848700	854700	billion years to the Hadean Earth. Yes. The Hadean heartbreak. I call it a heartbreak because when you
854700	860140	look at the geological models, the early Earth was trying so incredibly hard to get the chemistry of life
860140	865740	started and it just kept getting violently obliterated. It was a very tough neighborhood. We are looking at a
865740	873420	simulation study by Abramov and colleagues modeling the Earth's early crust roughly 4.5 to 3.5 billion
873420	879500	years ago. Just absolute chaos. Total chaos. This is the era of late accretion bombardment. Giant
879500	884860	asteroids slamming into the planet, ocean vaporizing impacts, sheer geological violence. I really want
884860	889580	the listener to picture this. We aren't talking about a meteor taking out a city. We're talking about 400,
889580	895740	500 kilometer wide asteroids. When these things hit, they don't just leave a crater. The kinetic energy
895740	901500	transfer is so massive that it radically alters the geothermal gradients of the entire planet.
901500	907500	The atmosphere becomes a furnace. The crust literally melts. It is an ocean of magma. And yet,
907500	912780	amidst all that extreme violence, astrobiologists and geologists desperately want to know,
913740	919340	when did the Earth become suitable for the emergence of an RNA world? When did the crust
919340	925020	become biocompatible? Right. Because life needs a cradle. And in this Abramov simulation,
925020	930380	they rigorously track what they call the biocompatible volume of the crust. And they're specifically
930380	935900	looking for regions, mostly in the upper 300 meters of the crust, where the temperature drops below 110
935900	942620	degrees Celsius. And why 110 degrees specifically? Because it's a very generous upper limit for hyperthermophiles,
942620	947500	which are single celled organisms that absolutely love extreme heat. The tough guys. Yeah, the
947500	952300	extremophiles. But even for them, if it gets much hotter than 110 degrees, the actual physical
952300	958860	chemistry breaks down. Complex biomolecules like RNA and DNA degrade thermally. The bonds just shake
958860	965260	apart. They literally boil away. Exactly. So 110 degrees Celsius is the magic threshold. If it's cooler
965260	970140	than that, life has a chance physically. And the findings of the simulation are fascinating,
970140	975340	because they show that very early on in the Haiti and Eon, there is actually a huge amount of
975340	981660	biocompatible volume instantaneously. Exactly. If you just pause the simulation at a random
981660	988540	Tuesday, say 4.4 billion years ago, you will find plenty of little pockets of crust that are nice and
988540	993820	cool. They are thermally admissible. If you pause it, that is the critical phrase. If we take our
993820	999580	snapshot, we see a favorable instant. The instantaneous biocompatible volume, which the
999580	1005260	paper formalizes mathematically as B of T is substantial. B of T looks great. But then you
1005260	1010940	hit play. You unpause the simulation. And then the 500 kilometer asteroid slams into the planet,
1010940	1015660	the geothermal gradient spike violently, the crust melts, and every single one of those nice, cool,
1015660	1020700	biocompatible pockets you just measured is instantly and entirely sterilized. All of them. Gone.
1020700	1027340	This dynamic introduces a mathematical distinction that is absolutely crucial to understanding this
1027340	1035580	paper's framework. B of T, the instantaneous biocompatible volume, versus P of T semicolon T
1035580	1042380	subend. Okay, what is P of T semicolon T subend? That is the persistent volume relative to a terminal
1042380	1049180	time. P of T only counts a volume of crust if it stays below that 110 degree threshold from time T,
1049180	1054220	all the way continuously to the end of the simulation. It demands that the volume is never
1054220	1059900	subsequently sterilized. Never. Never. And early in the Hadean, even though the instantaneous volume,
1059900	1065180	B of T, is high, the persistent volume, P of T, is essentially zero. Because it just keeps getting
1065180	1070060	wiped out. Because the crucial failure of the early Hadean isn't that it is permanently hostile to life,
1070060	1075740	it's what the author calls the reset channel. The asteroids cause a recurrent global reset of the
1075740	1079820	entire chemical clock. Here's where it gets really interesting to me, because this touches on the
1079820	1085020	very nature of what prebiotic chemistry actually is. It requires inheritance. Imagine you have a
1085020	1091260	savings account that randomly drops to absolute zero every few thousand years. You might have money
1091260	1097020	today. That's your instantaneous volume, your B of T. You feel rich for a day. Right. You can go to the
1097020	1103340	ATM and see a positive balance. You have purchasing power at that favorable instant. But if the bank is
1103340	1108460	guaranteed to get robbed and wipe your account every single decade, you can never build compound
1108460	1114140	interest. You can never save up to buy a house. That's a brutal bank. Prebiotic chemistry is exactly
1114140	1120380	like compound interest. You need simple molecules to react, to form slightly more complex molecules,
1120380	1124940	and those products have to stick around long enough to participate in the next cycle of reactions.
1124940	1129340	That is a brilliant way to describe the principle of continuation closure.
1129340	1135340	The mechanism in this case, chemical evolution, has to reliably reproduce the conditions required for
1135340	1141820	its next relevant stage. It has to build on itself. And crucially, it cannot destroy those conditions
1141820	1147820	faster than it produces the result. If the wait time until the next global asteroid sterilization
1147820	1152540	is shorter than the time needed for complex RNA chemistry to actually compound and develop,
1153180	1158940	life can never, ever get off the ground. The reset channel completely dominates the system.
1158940	1163980	It's a chain of non-implications, as the author puts it. Just because an environment is thermally
1163980	1168780	admissible doesn't mean the chemical supply is there. Just because the chemical supply is there doesn't
1168780	1174300	mean replication happens. And just because replication happens once doesn't mean evolutionary persistence
1174300	1179980	is achieved. And the math the author provides to formalize this is really elegant because it avoids a
1179980	1185980	very common statistical trap. It's not enough to say that the average time between asteroid impacts
1185980	1190620	is long enough for life to start. Right. Let's say, hypothetically, life takes a million years to
1190620	1194860	establish itself. Right. And the average time between global sterilization events is
1194860	1199820	two million years. The mathematical expectation, the average, might look okay.
1199820	1204460	Right. On average, you have enough time. But what matters isn't the average. What matters is the tail of
1204460	1209980	the distribution. What is the probability that you actually get an uninterrupted interval long enough to
1209980	1215420	use in reality? Right. You need a guarantee. Exactly. The author formalizes this by saying the
1215420	1221020	probability that the reset time is greater than the continuation time must be greater than or equal
1221020	1227500	to one minus some tolerance level alpha. You need a mathematically guaranteed window of safety,
1227500	1232380	not just a favorable average that gets violently interrupted half the time. And looking at the specific
1232380	1238300	numbers from the Abramoff simulation really drives this home. In their baseline model, where they assume
1238300	1245020	0.57 percent of Earth's mass was delivered by these late accreting asteroids, these persistent niches,
1245020	1251820	the actual P of T volume, only really established themselves around 4.33 billion years ago. That's
1251820	1257580	a long wait. That's when the global reset channel finally closes. The impacts become infrequent enough
1257580	1263100	that the crust isn't constantly melting down to the mantle. But the paper is also incredibly transparent
1263100	1267100	about the limits of this simulation, which is a core theme we will keep coming back to.
1267100	1275420	You have to define the boundaries of your claim. That 4.33 billion year date is highly dependent on
1275420	1280460	the assumptions in the input variation class. If you tweak the delivered mass of those asteroids
1280460	1286780	down just a bit to 0.13 percent of Earth's mass, that window of persistence moves all the way back
1286780	1293340	to 4.4 billion years ago. Which is a 70 million year difference. That is a massive chunk of deep time
1293340	1298380	just based on tweaking one parameter of how many rocks fell from the sky. It is. And the physical
1298380	1303340	geological evidence complicates things even further because we actually have physical fragments from
1303340	1308540	this era's zircon crystals. Oh, I've heard of these. Yeah, these are tiny, incredibly durable mineral
1308540	1314460	grains that survive almost everything, even some crustal melting. And the geochemical record inside these
1314460	1320460	zircons actually points to the presence of liquid water and cooler crusts, even older than the impact model
1320460	1326220	allows for. This shows that impact resetting alone doesn't perfectly match the messy reality of
1326220	1333100	geological data. Other crust forming and crust destroying processes like early plate tectonics
1333100	1337980	must have played a huge role. So even with something as massive as the Havian Earth,
1337980	1343500	we see the danger of the compressed commitment. If you read a science headline that says Earth's
1343500	1349820	crust was habitable 4.45 billion years ago, you have to pause and ask, wait, do you mean
1350460	1355980	instantaneous thermal admissibility or do you mean persistent evolutionary capacity? Exactly.
1355980	1361100	Because according to these models, one of those was true and the other was absolutely false. And claiming
1361100	1366620	the latter based on evidence for the former is what the paper categorizes as a persistence failure.
1366620	1371500	The favorable conditions arise, yes, but later events completely erase their products. Thermal
1371500	1375660	admissibility absolutely does not equal evolutionary persistence. Perfectly said.
1375660	1379420	Okay. So let's synthesize where we are on this roadmap. We looked at the quantum realm,
1379420	1385260	which showed us that a system's capacity must handle varying inputs. It can't just lip sync. Then we
1385260	1391020	looked at the Havian biology, which showed us that a system must handle time. It can't just be a fleeting
1391020	1395980	snapshot. It needs persistent compound interest. Right. But what if the input is
1395980	1401340	perfectly steady and time isn't an issue at all, but the system just, you know, fumbles the ball?
1401340	1407820	Yes. What if the resource is right there, knocking on the door and the system just fails to grab it?
1408620	1414540	That takes us to section three of our journey. Contact is not capture. This is a great section.
1414540	1420220	And to understand this, we are leaving the deep past and looking at modern ocean engineering.
1420220	1426860	Specifically, we are looking at a paper by Westcott and colleagues on ocean wave energy conversion. Now,
1426860	1431020	the ocean is obviously full of kinetic energy. The waves are relentless. Free energy everywhere.
1431020	1435740	Exactly. But harvesting that chaotic energy is incredibly difficult from an engineering
1435740	1440940	standpoint. The standard historical approach for a long time has been a heaving buoy.
1440940	1446460	Just a buoy bobbing up and down? Right. It sits on the surface, it bobs up and down with the waves,
1446460	1452940	and you capture that mechanical up and down energy. The problem, as the Westcott paper points out,
1452940	1459340	is that a single heaving buoy is what engineers call narrowband. Meaning it only likes one specific
1459340	1465340	type of wave. Exactly. It operates on the principle of resonance. If you design the mass and the springs of
1465340	1471660	the buoy to resonate with a 10-second wave period, it does a fantastic job capturing energy from 10-second
1471660	1478780	waves. It sings in harmony with them. Okay. But real seas are not uniform. They are chaotic. They
1478780	1483340	distribute energy across many different frequencies, different wavelengths, and different directions
1483340	1489740	simultaneously. So if a big long 15-second wave rolls past our little 10-second buoy, the wave energy
1489740	1494940	literally reaches the device. It makes physical contact with the boundary of the machine. The resource is
1494940	1499820	100 percent present. But the buoy doesn't acquire it. It might reflect the wave, or transmit it
1499820	1505580	straight past, or the buoy might just bob awkwardly at a phase without actually converting that kinetic
1505580	1512860	motion into useful electrical power. Availability at an interface is absolutely not the same thing
1512860	1519180	as acquisition by a system. And this is the core of what the author calls the conversion failure trap.
1519180	1525580	The Westcott paper proposes a really brilliant physical solution to this narrow band problem.
1525580	1531660	It really is elegant. Instead of just putting one buoy out there, they design a graded array of buoys
1531660	1538780	arranged in multiple rows. And what they do is they change the power takeoff, or PTO, spring constants for
1538780	1544300	each successive row. Right. So the front rows, the ones facing the incoming ocean, are tuned to higher
1544300	1550860	frequencies, roughly 10-second wave periods. The rows behind them are tuned to slightly lower frequencies,
1550860	1555580	all the way down to 21-second periods at the very back V-array. It's like a mechanical prism. They
1555580	1560860	actually call it rainbow reflection in the literature, right? Yeah. Rainbow reflection, exactly. Because
1560860	1567740	each row resonates with a different part of the chaotic wave spectrum, different frequencies of wave energy
1567740	1574140	will physically penetrate to different depths into the array before they finally hit the specific row
1574140	1580140	that is tuned to arrest them. That is so cool. The short, high-frequency choppy waves get trapped and
1580140	1585420	absorbed at the front, and the long, low-frequency rollers pass right through the front rows as if they
1585420	1590140	aren't even there and get caught by the back rows. Okay, wait, hold on. Let me make sure I'm picturing this
1590140	1594940	right. Because when I read this, my first thought was, oh, it's just a series of filters, like a coffee
1594940	1599740	filter. The first row filters out the 10-second waves, the second row filters out the 12-second waves,
1599740	1605260	and so on. A simple, one-way forward cascade. That's the intuitive way to think about it. But
1605260	1610700	the paper is incredibly specific that this is not how waves work in water, right? Yeah, you are absolutely
1610700	1616700	right. And that is where the physics gets deeply fascinating. When a wave hits a physical object, like
1616700	1623900	a buoy, it doesn't just cleanly get absorbed or cleanly pass through. A massive amount of that wave energy
1623900	1628780	gets scattered and reflected backwards, back out to sea or back into the other buoys. Okay,
1628780	1634140	so it's splashing back. Yes, back scattering. And to model this, the paper uses something called a
1634140	1639500	transfer matrix formalism. Transfer matrix. Now, don't let the word matrix intimidate you.
1639500	1645420	In this context, a transfer matrix is simply a mathematical ledger. It summarizes exactly how a
1645420	1651500	wave scatters, when it hits a specific row of buoys, how much energy continues forward, and how much
1651500	1656620	bounces backward. Okay, a ledger. I can follow that. The crucial finding, the absolute physical
1656620	1661500	linchpin of why this graded array works, is that the order of the buoys matters fundamentally,
1661500	1667020	because these matrices do not commute. Okay, I know in basic math, commuting means order
1667020	1672300	doesn't matter. Two plus three is the same as three plus two. Right. But physically, in the water,
1672300	1677740	what does non-commuting mean for these waves? Why does the order change the outcome? Physically,
1677740	1682860	it means the entire internal flow of energy changes. If you swap the order of the rows,
1682860	1688460	say you put the big 21-second buoys in the front and the snappy 10-second buoys in the back,
1689340	1694860	the array doesn't just capture the same waves in reverse order. It performs completely differently,
1694860	1701100	and usually much worse. Oh, wow. Yeah. The energy reflects backward off the big buoys,
1701100	1707100	hits the incoming waves, creates chaotic interference patterns, and multiple scatters.
1707100	1712460	The water churns and ricochets in a completely different physical pattern. The capacity of this
1712460	1719100	array to actually absorb a broad spectrum of waves belongs entirely to the incredibly specific
1719100	1724300	ordered internal path that the wave is forced to take bouncing between those rows. It's all about the
1724300	1729820	path. It is not just a collection of buoys, it is an ordered conversion pathway. Oh, man. So just
1729820	1734700	because a resource physically touches the machine doesn't mean it's acquired. It's exactly like a
1734700	1738700	pinball machine. A pinball machine? Yeah. The ball, which represents the wave energy,
1738700	1743260	enters the machine at the top. It makes contact. It's inside the system. But unless the bumpers and
1743260	1748860	the flippers are arranged in the exact right, non-commutative order to bounce that ball into the
1748860	1754780	scoring holes, the ball just drains straight down the middle. You don't score any points. Contact isn't
1754780	1761420	capture. The internal architecture has to actively, physically, convert the arrival of the resource
1761420	1767340	into a retained useful state. That is a brilliant visualization. The ball draining down the middle is
1767340	1772620	exactly what happens when the matrices don't align. And this leads to a vital counter-intuitive
1772620	1778540	distinction the author highlights. Low transmission does not automatically equal high absorption. Wait,
1778540	1783180	say that again. If the wave doesn't transmit through the array, doesn't that mean the array absorbed it?
1783180	1789740	Not at all. Imagine you build a giant solid concrete wall in the ocean. The waves hit it. Nothing
1789740	1795180	transmits through the wall to the other side. Transmission is zero. Did the concrete wall absorb
1795180	1800620	the wave energy and turn it into electricity? No. It just smashed into it and reflected 100% of it back
1800620	1807020	out to sea. Exactly. In the graded buoy array, the spring constants, the grading from front to back,
1807020	1811500	determine where each frequency of the wave is arrested and stop from transmitting forward.
1811500	1816780	Okay. But it is the PTO damping the actual mechanical resistance in the machinery
1816780	1822540	that acts like an electrical generator inside the buoy that actually harvests the energy. Without that
1822540	1828460	damping, without that internal friction, you just have a very complicated, very expensive broadband
1828460	1832700	reflector. You have to actually take the money out of the pinball machine. You need a mechanism to
1832700	1837740	capture the kinetic energy of the bounce. Precisely. The energy that is missing from the wave that
1837740	1843180	transmits out the back of the array might just have been sent back out to sea. The array only earns
1843180	1848540	the right to the capacity word absorber when the power takeoff machinery explicitly accounts for that
1848540	1853660	missing energy. And when they engineer this correctly, the real-world data is astonishing.
1853660	1861340	According to the study, arrays of just five to six rows could absorb over 94% of incident energy
1861340	1866700	across that 10 to 20 second wave period range. That's incredibly high efficiency. It is. And a
1866700	1873660	finite array, meaning a real-world sized grid, not some theoretical infinite line of buoys, captures
1873660	1882140	roughly 33% more broad spectra energy than a uniform array that is perfectly tuned to a single peak period.
1882140	1887180	It is a massive engineering success, but as the author of our master paper notes,
1887180	1892620	it is a success strictly within its declared model class. Right. There's always a catch.
1892620	1898860	These performance figures assume linear potential flow theory. They assume the buoys stay nicely
1898860	1904620	in the water and don't get violently submerged or thrown around by non-linear chaotic storm waves.
1904620	1909420	They don't fully account for viscous drag or the long-term wear and tear of a corrosive
1909420	1914060	physical ocean environment. And a real ocean is going to have all of that. Exactly. And to be clear,
1914060	1918620	that is not a flaw in the engineering paper. That is exactly how scientific capacity claims should be
1918620	1923740	made. The declared model class sets the boundaries of the claim. Okay, so let's take a breath because
1923740	1928700	we have covered incredible ground and we've seen three completely different modes of failure so far.
1928700	1933820	We have. The quantum swap device showed us the danger of the wrong input, a specialization failure.
1934380	1940380	The Hadean early crust showed us the danger of the wrong timeline, a persistence failure. And the
1940380	1946060	ocean buoys showed us the danger of the wrong internal path, a conversion failure, where contact
1946060	1951420	didn't lead to capture. Spot on. Now here is where the absolute brilliance of the Flyxion paper really
1951420	1957980	shines. The author takes all of these completely disparate, seemingly unrelated examples and
1957980	1963820	synthesizes them into a single master framework to judge if anything truly works. They call it the
1963820	1970140	capacity tuple. The capacity tuple. Now in mathematics, a tuple is just an ordered list of specific elements.
1970140	1975260	Okay. And this specific tuple, which the author proposes as the universal master key for evaluating
1975260	1982220	any capacity claim whatsoever is represented by the formula. C equals angle bracket. M-I-P-T-E,
1982220	1986300	angle bracket. Okay, for everyone listening, grab a mental notepad because this is the toolkit you
1986300	1992540	can take out into the real world tomorrow. Let's break down each of those letters. C equals M-I-P-T-E.
1993420	1999500	What is M? M stands for the mechanism. This is the physical process or the specific detailed
1999500	2003980	model of that process that is actually doing the work. Like the actual machine. Exactly. It's the
2003980	2010540	quantum control routine or the Hadean crest's cooling dynamics or the ordered array of buoys in
2010540	2016940	their generators. You have to explicitly state exactly what physical thing is performing the action.
2016940	2022620	Right. And when the imprompt is the input class or the variation class, this is what the
2022620	2028220	quantum thermalizer taught us. You can't just test one single Hamiltonian or one single prompt. You have
2028220	2033020	to declare the entire neighborhood of inputs that the mechanisms promise to handle. Exactly.
2033020	2039660	P is the perturbation class. These are the specific external disturbances or shocks that the system
2039660	2044460	has to withstand while operating. For the Hadean Earth, these were the recurrent asteroid impacts
2044460	2050220	and massive thermal spikes. T is the temporal horizon. This is the timeline. Are we looking at
2050220	2055580	an instantaneous state at a single moment, time T? Or are we looking for a persistent,
2055580	2060940	unbroken volume from time T all the way to a terminal time TN? Right. Does it hold up over time?
2060940	2067180	Does the capacity need to hold for a millisecond or a billion years? And finally, E is the success
2067180	2074540	criterion. But crucially, as we learned, E must be indexed to the input. It cannot be a fixed static
2074540	2079900	lip synced target. Right. No lip syncing. For the quantum thermalizer, the acceptable outcome changes
2079900	2085420	entirely depending on which Hamiltonian was inputted. The output must be covariant with the input.
2085420	2093740	So C equals M-I-P-T-E. Mechanism, input perturbations, time, and success criterion.
2094380	2098860	If someone says to me, my new startup's battery has the capacity to hold a charge for a week,
2099500	2101820	they are making a claim. Let's run it through the top bowl.
2101820	2106460	The mechanism is whatever chemical battery they designed. The input is the initial electrical
2106460	2111740	charge. The time is one went. The success criterion is maintaining a certain voltage output.
2111740	2115420	Well, what are they hiding? They usually try to hide the perturbations. Does it hold a charge
2115420	2120540	for a week in the freezing cold, in a hot car in Arizona, under heavy, continuous load?
2120540	2124860	That is a perfect everyday example. And this brings us to a really critical,
2124860	2129980	nuanced distinction the author makes. The fundamental difference between robustness and warrants.
2129980	2134220	This is important. This is a point that gets confused constantly, even in high-level
2134220	2138620	scientific literature. Okay, let's clarify that. Because usually we think of robustness as the
2138620	2145260	ultimate goal, right? What is the difference? Robustness is simply about a result surviving or
2145260	2151260	recovering from a hit. A system is robust if it maintains a specific performance relation
2151260	2157180	under various external disturbances. It doesn't break easily. Okay, so a sturdy bridge is robust.
2157180	2162940	Right. But warrant is much deeper. Warrant asks a linguistic and logical question.
2163900	2169500	Does this mechanism actually earn the right to use a specific capacity word based on all
2169500	2174540	the implicit inferences that word carries in ordinary use? Wait, I'm still a little fuzzy.
2174540	2178620	Can you give me an example of how robustness and warrant actually come apart? How can something
2178620	2183900	be robust but lack warrant? Absolutely. Let's go back to our cheating quantum swap device.
2183900	2188780	Its output is perfectly invariant. No matter what wild Hamiltonian you put into it,
2188780	2194300	it spits out the exact same pre-prepared thermal state. Now, invariants can look a whole lot like
2194300	2200380	robustness. You might look at that machine and say, wow, the output is so incredibly robust against
2200380	2208380	massive changes in the input. Ah. But the input, in that case, the specific Hamiltonian identity is
2208380	2213100	not a disturbance that the system is supposed to ignore. Yeah. It is the core input that the
2213100	2219340	system is supposed to dynamically track and respond to. Precisely. The swap device's constancy
2219340	2226220	is not a robustness of the act of thermalization. It is a total abject failure to follow the task
2226220	2231100	relevant input. It just totally ignores it. It fails the warrant of the word thermalizer because it
2231100	2235820	doesn't support the fundamental prediction that word makes, which is that the machine can
2235820	2241660	dynamically adjust to a novel system. Wow. Robustness is necessary for many capacities,
2241660	2247660	sure, but it is never sufficient on its own. The word you use like thermalizer or habitat or absorber
2247660	2252780	carries a heavy continuation burden. It carries an implicit promise of what all those tepal variables
2252780	2256780	actually are. And this brings us right back to the concept of continuation closure, which you
2256780	2262700	mentioned earlier with the AD and Earth's chemistry. The idea that a true capacity means the mechanism
2262700	2269500	sustains itself without consuming its own required conditions faster than it produces results. The
2269500	2275100	ocean buoys route the wave to the right row without destroying the kinetic energy before it gets there.
2275900	2281580	The quantum dynamics build Hamiltonian sensitivity instead of just burning computational energy. Yes,
2281580	2287660	continuation closure is the underlying mechanism level explanation for why a capacity claim is
2287660	2293740	actually satisfied. It's the internal engine of the capacity. But alongside the engine, we also
2293740	2299260	have to talk about the exhaust, the things that inevitably go wrong, the loss channel. Disqualifying
2299260	2304140	loss channels. I found this part of the paper so refreshing, honestly, because to be completely clear,
2304140	2308300	a system doesn't have to be magically perfect, right? It just has to be mathematically honest about its
2308300	2313820	limits. The wave buoy array isn't a failure just because it loses 6% of the wave energy to transmission
2313820	2319100	and random reflection. The quantum thermalizer isn't a failure because it leaves a tiny error margin,
2319100	2324940	epsilon. The Haitian crust isn't permanently hostile just because some local areas still get
2324940	2330860	occasionally sterilized by smaller rogue impacts. The loss channels are contained. They aren't magically
2330860	2336620	eliminated. Exactly. A loss channel is any physical process that diverts or degrades the product of the
2336620	2341740	mechanism. But a loss channel only becomes disqualifying if it drives the final outcome
2341740	2348220	completely outside the declared success criterion E. Oh, right. That 6% loss by the buoy array is a
2348220	2353820	contained loss. It doesn't violate the claim that the array is a highly effective broadband absorber
2353820	2359340	because the engineers set the success criterion below 94%. It's all about setting realistic boundaries.
2360220	2365580	The tautology the author points out is that if a capacity claim is fully satisfied,
2365580	2371340	then obviously no loss channel was disqualifying. But the actual evidential value for us is that you
2371340	2376300	have to actually measure and report the loss channels to prove they don't defeat your claim. You can't
2376300	2381820	just wave your hands and assume they are negligible. The author provides a great conceptual formula for
2381820	2387740	this. Continuable capacity equals productive transformation plus the demonstrated closure or
2387740	2394780	containment of disqualifying loss channels. And the tragedy is most people only ever demonstrate the
2394780	2400460	productive transformation that first successful run, that favorable instant. They completely ignore
2400460	2405020	the rigorous burden of proving containment. They absolutely do. And this leads directly to how
2405020	2410860	society completely abuses capacity words. If you're listening to this, think about corporate greenwashing.
2410860	2412540	Oh, that's a perfect example.
2412540	2417900	A massive company says their new product absorbs carbon. They're using a capacity word. They're making
2417900	2423100	a compressed commitment to the public. But they're completely hiding their total variables. What is
2423100	2426140	the input class? What is the temporal horizon? Right.
2426140	2432220	Does it absorb carbon for 10 years and then physically degrade and release it all back into the atmosphere?
2432220	2438220	Is the mechanism actually continuation closed? Or does the factory manufacturing the product emit
2438220	2443900	more carbon than the product will ever absorb? Exactly. They give you a PR snapshot of productive
2443900	2449500	transformation and they totally dodge the entire burden of continual suitability. It's infuriating
2449500	2455660	once you see it. It is a profound, incredibly sharp framework for critical thinking. Whenever you hear
2455660	2461420	a capacity claim in science or in life, you should mentally demand to see the tuple. Demand the tuple.
2461420	2467180	Yeah. I am absolutely getting that put on a t-shirt. Okay. We have covered the first four sections and
2467180	2473100	we have our master key. But the paper has one final fascinating extension. Section five introduces
2473100	2479100	what I call the climate curveball. Yes. The author includes a fourth massive case study to extend the
2479100	2484540	framework specifically to modify how we think about the P variable in our tuple to perturbation class.
2484540	2489340	And just a very quick note for you, the listener, because anytime we say the word climate,
2489340	2494300	things can get politically charged very quickly. Yeah. We are looking strictly at a deep time
2494860	2499580	phanerozoic geological study here. We are talking about planetary events that happened
2499580	2504940	hundreds of millions of years ago, long before humans or industry ever existed. Right. This is pure
2504940	2511500	geology. We aren't taking any sides on modern policy. We are just unpacking the raw deep time
2511500	2516700	system dynamics presented in this specific source material to see how it mathematically affects our
2516700	2521900	capacity tuple. That is exactly right. We are looking objectively at a paper by Sudakow and
2521900	2528140	colleagues that analyzed the geological record of carbon and oxygen isotopes over the last 539
2528140	2533980	million years. That is an unimaginably long time. It really is. Through incredibly complex recurrence
2533980	2539900	analysis and searching for early warning indicators in the rock record, they identified five long-lived
2539900	2545260	climate carbon regimes across that vast stretch of time, separated by comparatively sharp sudden
2545260	2552620	transitions. Regimes. So basically, long epochs of relative stability where the Earth's entire carbon
2552620	2558540	cycle system had settled into a specific balanced rhythm and then sudden violence shifts into a
2558540	2564540	completely new rhythm. Correct. They mapped this using a conceptual model with multiple stable equilibria.
2564540	2570060	And alongside the isotope data, they created what they call a Biospheric Vulnerability Index, V sub I.
2570060	2575980	Okay. A V sub I. This index is based on marine invertebrate genus level diversity and turnover.
2575980	2579020	Okay. Unpack turnover for me. What does that mean in the fossil record?
2579020	2585420	Turnover means the rate at which new taxonomic groups are evolving and originating versus how fast old
2585420	2591820	ones are going extinct. If V sub I is positive, it means there is unusually high reorganization and
2591820	2595660	evolutionary churn relative to the baseline diversity of that era.
2595660	2598860	So high vulnerability means the biosphere is highly stressed,
2598860	2601260	species are dying out and being replaced rapidly.
2601260	2605820	Exactly. And what Sudikow and colleagues found is that this vulnerability is generally highly
2605820	2610860	elevated near the inferred boundaries of these five major regimes, and particularly around major
2610860	2614300	mass extinction intervals, like the Permian-Triassic extinction.
2614300	2619260	Okay. But the real question is, why does the Flyxion paper include this specific
2619260	2624380	massive geological study in a paper about logical capacity in tuples?
2624380	2629900	Yeah. How does half a billion years of fossil data fit with quantum devices and ocean buoys?
2629900	2630380	Right.
2630380	2636780	It fits perfectly because it mathematically demonstrates that a perturbation class, the P in our tuple,
2636780	2639100	cannot be specified by magnitude alone.
2639100	2646220	Magnitude alone. Meaning you can't just say the system has the capacity to survive a physical impact of
2646220	2652140	force X. Precisely. Let's say the perturbation is a massive volcanic eruption, what geologists call
2652140	2657980	a large igneous province. You might look at the Earth's system and ask, can the biosphere survive an
2657980	2661820	eruption of this specific size? Sure, that seems like a logical question.
2661820	2667340	And what this deep-time data shows so clearly is that identical physical forcing the exact same size
2667340	2672220	of volcanic eruption might be completely harmless if the Earth's system is resting deep inside the center
2672220	2678940	of a stable regime. But that exact same perturbation will cause a catastrophic mass extinction if the
2678940	2682300	Earth is currently teetering on the edge of a regime boundary.
2682300	2689900	Oh, wow. So asking, can the biosphere survive a volcano is the wrong question entirely. It's like
2689900	2694460	asking, can a Jenga tower survive having one block pulled out? Oh, that's good.
2694460	2698700	It totally depends. It depends on whether it's the very first turn of the game where the tower is
2698700	2703820	incredibly stable and solid, or if it's the 50th turn of the game where the tower is leaning,
2703820	2709260	hollowed out, and one tiny tap will bring the whole thing crashing down. Yes. The perturbation
2709260	2715660	is identical pulling one block, but the capacity of the system to tolerate it changes dynamically based
2715660	2720940	on its hidden internal state. That is the perfect analogy. The author calls this the distance to the
2720940	2726140	boundary. The viability of a complex system isn't just about whether it is currently visibly alive,
2726140	2731500	it's about how much structural reserve it retains to absorb the next ordinary disturbance. Wow.
2731500	2737180	Structural reserve. A biosphere can look totally intact if you just count the standing diversity,
2737180	2741340	if you just take a snapshot of how many species are alive right now. It looks completely healthy.
2741340	2747260	Hmm. But if it occupies a high turnover transition adjacent regime, its distance to the boundary is
2747260	2753420	almost zero. Its actual underlying capacity to tolerate perturbations is drastically reduced,
2753420	2758940	even if the snapshot looks fine. So the p variable in the tuple has to be conditional. It's not just
2758940	2766220	survives perturbation size y, it survives perturbation size y given an internal state z. Exactly. Tolerance of
2766220	2772780	a perturbation is itself a capacity claim, and it inherits the full continuation burden. You cannot
2772780	2777580	logically declare a system resilient just because it survived a hit yesterday, if yesterday it was
2777580	2782860	sitting deep inside a stable attractor, and today it is hovering on the razor's edge of a phase
2782860	2787660	transition. This is such a crucial, almost philosophical addition to the framework. It
2787660	2793260	reminds me of the Hadean Earth again. The crust might be thermally admissible right now, but if an
2793260	2798220	asteroid is an hour away, the persistent volume is actually zero. The Jenga tower might be standing right
2798220	2805420	now. But if the center of gravity is a millimeter away from the edge, its capacity to endure is a total
2805420	2811100	illusion. Now the author does carefully note that this climate case remains a secondary extension in
2811100	2817660	the paper. Okay, good to know. The deep time proxies are heterogeneous, the exact geological ages are
2817660	2824380	uncertain, and the regimes themselves are inferred statistical models, not directly observed physical
2824380	2830860	objects like our wave buoy. But logically, it beautifully illustrates the absolute limitation of defining
2830860	2836860	perturbations purely by external magnitude. Which brings us perfectly to the synthesis of all this.
2836860	2842860	Section six, the four traps, and the absolute power of falsifiability. The paper outlines four
2842860	2848620	specific failure modes, where we as scientists, as engineers, or just as everyday people, consistently
2848620	2852060	overstay capacity. You can already fall into them all the time. We've touched on them throughout our road
2852060	2857740	wrap, but let's formalize them for the listener. The first is specialization failure. This corresponds to
2857740	2865340	the input class I. This is our quantum swap device. Success is confined to one preselected input.
2865340	2869900	You build a machine that does one specific thing perfectly, and you falsely claim it has a
2869900	2875420	generalized capacity. Right, the lip sensor claiming to be a live singer. Track number two is persistence
2875420	2882540	failure. This maps to the temporal horizon, T. This is the Hadean early niches. Favorable conditions arise,
2882540	2888140	but later events completely erase their products. You mistake a fleeting, lucky moment of admissibility
2888140	2890140	for an era of persistent capacity.
2890140	2895900	Trap number three is conversion failure. This maps to the mechanism M. This is the ocean buoys
2895900	2900620	reflecting waves without actually absorbing them. The resource is physically present, it makes contact
2900620	2906060	with the boundary, but the internal architecture fails to actually capture it. You mistake availability
2906060	2911260	at a boundary for acquisition by a system. And the final trap is scope failure. This is
2911260	2916300	attributing a capacity shown within a very narrow mathematically safe model to a much wider chaotic
2916300	2922300	physical domain. Like ignoring the storm waves. Exactly. Taking the buoy array's success in linear
2922300	2928700	potential flow simulations and assuming it will happily survive a Category 5 hurricane. It's a mismatch
2928700	2934060	between the declared classes and the classes the evidence actually covers. And the only way to avoid
2934060	2940620	these four traps is through rigorous falsifiability. And the author makes a very stern, very important
2940620	2946860	point here. Declaring your tuple makes your claim falsifiable, but only if you declare it before you
2946860	2952060	look at the evidence. Oh, this is the classic Texas sharpshooter fallacy, isn't it? Firing a gun wildly
2952060	2956460	at the side of a barn and then walking up and painting the bullseye around wherever the bullet holes happen to
2956460	2961660	cluster. Exactly. The author argues that formal falsifiability is not the same as practical
2961660	2966460	falsifiability. If you wait to see what your machine actually does and then you draw the boundary
2966460	2971740	of the variation class, the eye, tightly around whatever it happened to succeed at, you prove
2971740	2977740	absolutely nothing. You're just cheating the test. If you build a quantum thermalizer, test it. Find out
2977740	2983900	it only works for three highly specific Hamiltonians and then you rewrite your paper to say the variation
2983900	2989340	class was those three Hamiltonians all along. The claim is satisfied by construction. It says nothing
2989340	2996140	about true generalized capacity. The tuple must be declared up front based on the logical inferences
2996140	3001260	the word is meant to support before the empirical evidence is examined. Wait, doesn't that raise a
3001260	3007260	huge problem for historical sciences? Someone could object and say, isn't this entirely retrospective?
3007260	3012860	For the Haiti and Earth, we can't run the experiment in real time. We can only prove persistent volume,
3012860	3018460	P of T, by looking back at the entire four billion year timeline to see if an asteroid ever hit that
3018460	3023660	spot again. Right. Geology is tricky that way. At the actual back, standing on the molten crust,
3023660	3029180	there's absolutely nothing in the local rock that tells you if it will survive the next million years.
3029180	3034620	That is a very sharp, very valid objection and the author actually addresses it directly in the text.
3035580	3041740	They concede that for historical systems, continuability is often demonstrable only retrospectively.
3041740	3046700	The persistent volume function fundamentally requires a trajectory that is already mathematically
3046700	3052380	complete. The best you can do prospectively in historical geology is calculate an expected
3052380	3058140	persistent volume based on a bombardment model, which naturally inherits all the uncertainties of that
3058140	3064220	model. So geology gets a bit of a pass. A partial pass. But the author firmly states that this concession
3064220	3071500	has absolute limits. For design systems, engineered systems like quantum computers or wave buoys or AI,
3071740	3075740	this framework demands that we test the edges of our claims prospectively.
3075740	3079580	You have to push it to the limit. You don't just run representative safe
3079580	3084300	demonstrations right in the middle of the comfort zone. You actively probe the spectral and directional
3084300	3089260	edges of the wave array. You push the nonlinear amplitudes. For the quantum device,
3089260	3094540	you deliberately choose Hamiltonians whose Gibbs states are vastly separated specifically to stress
3094540	3099500	test the error margins. You try to break it. Exactly. You organize your evidence around the outer
3099500	3104540	boundaries of your declared classes, not the comfortable center. The framework is retrospective
3104540	3109660	where the system is strictly historical, but it must be strictly prospective where the system is built.
3109660	3115820	That is such a powerful methodology. It demands that we stop looking for easy confirmations of our
3115820	3119500	success and start actively hunting for the boundaries of our capacities.
3119500	3125740	OK, we have covered an immense amount of ground today. We've traveled from quantum Hamiltonians to
3125740	3133100	Haitian asteroids through ocean wave arrays to half a billion year old climate regimes. So what is the
3133100	3138300	ultimate takeaway from this deep dive for the person listening right now? The big takeaway is a fundamental
3138300	3145100	shift in how we observe the world. The author says it beautifully. We need continuation tests instead of snapshots.
3145100	3150460	Continuation tests. A snapshot merely asks whether a desired state exists right now. A continuation
3150460	3155580	test asks whether that state remains reliably available to the process that allegedly uses it.
3156220	3162380	We have to stop accepting snapshots of success as proof of capacity. Yes. If you take nothing else away
3162380	3169100	from this, let it be this. Whenever someone claims a system has a capacity, whether it's a tech company
3169100	3173980	claiming their new AI is intelligent, a politician claiming an environmental policy is sustainable,
3173980	3182060	or a salesman claiming a gadget is indestructible, ask them for their tuple. Demand the tuple. Ask them
3182060	3187500	what specific variations, what time horizons, and what perturbations they actually tested, and what
3187500	3192140	their hidden and lost channels are. And remember that continuation costs the physical time it takes
3192140	3197740	a quantum machine to become sensitive, the stable intervals needed for chemistry to actually compound,
3197740	3202860	the physical space needed for a graded array to route chaotic waves. Those aren't inefficiencies.
3202860	3207980	They aren't bugs. They're features. They aren't overheads to be optimized away by a clever engineer.
3207980	3213340	In these cases, those costs are exactly what makes the operation real. They are the unavoidable price of
3213340	3221100	true capacity. A capacity is not the lucky coincidence of an input with a favorable state. It is a maintained,
3221100	3227020	earned relation. It's the difference between standing in front of a microphone and lip-syncing a pre-recorded
3227020	3232620	track, and actually having the capacity to listen to the live band, adapt to the sudden key change,
3232620	3238140	and sing the song. Beautifully put. So think about human intelligence or our own personal capacities at
3238140	3243500	work or in our relationships. How often are we just acting like that quantum swap device, emitting the
3243500	3249340	correct pre-memorized output for a highly specific, comfortable situation, without ever actually possessing the
3249340	3254700	real underlying capacity to adapt to a changing, chaotic world? It's a lot easier to rely on the
3254700	3259660	illusion of the favorable instant than to build the persistent volume required to actually survive
3259660	3265660	the long haul. Demand the tuple from the world, and maybe demand it from yourself. Until next time,
3265660	3275980	keep diving deep.
