idx,kind,source_name,location,passed,faith,proof_integrity,code_quality,lean_declaration,lean_file,match_confidence,sorryAx_rebuilt,report_sorry_deps_field,audit_sampled,audit_correspondence,audit_contribution,audit_note
6,corollary,Corollary 1,"Lecture 5, Section 1 (Tubular Neighborhoods)",False,2,4,4,DeRhamConcrete.cohomology_isomorphism,CohomologyIsomorphismConcrete.lean,high,False,"None — fully proved, no sorry in dependency chain",yes,B3,C2,deg0_injectivity field restates part of the conclusion
65,definition,Definition 3,"Lecture 24, Section 3 (Dirac Operator)",False,2,5,3,DiracOperator,FourManifoldsSW.lean,high,False,"None — fully proved, no sorry in dependency chain",,,,
57,proposition,Proposition 1 (Donaldson),"Symplectic Geometry, Lecture 19",False,2,1,3,Donaldson.donaldson_proposition_1_book,DonaldsonApproxHolomorphic.lean,high,True,"- Donaldson.cauchy_l2_to_cr_estimates (theorem, direct) ; - Donaldson.cutoff_del",,,,
61,definition,Definition 3,"Symplectic Geometry, Lecture 21, Section 3",False,2,5,4,FiberSum,LefschetzPencils.lean,high,False,"None — fully proved, no sorry in dependency chain",,,,
42,definition,Definition 5,"Lecture 15, Section 1, Hodge Theory",False,2,5,3,IsEllipticOperatorOnManifold,EllipticParametrix.lean,high,False,"None — fully proved, no sorry in dependency chain",,,,
56,definition,Definition 2,"Symplectic Geometry, Lecture 21, Section 2",False,2,5,3,LefschetzFibrationMathlib,LefschetzFibrationMathlib.lean,high,False,"None — fully proved, no sorry in dependency chain",,,,
21,proposition,Proposition 1,"Symplectic Geometry, Lecture 11, Section 1 (Chern Classes)",False,,,,,,,,,,,,
25,proposition,Proposition 3,"Symplectic Geometry, Lecture 8, Section 1 (Almost-complex Structures)",False,2,5,3,SymplecticLinearAlgebra.compatible_forms_convex_linear,CompatibleComplexStructures.lean,high,False,"None — fully proved, no sorry in dependency chain",,,,
19,theorem,Theorem 2,"Symplectic Geometry, Lecture 12, Section 1 (Existence of Almost-Complex Structures)",False,2,3,2,almost_complex_structure_criterion,PontrjaginObstructions.lean,high,True,"None — fully proved, no sorry in dependency chain",,,,
23,corollary,Corollary 1,"Symplectic Geometry, Lecture 12, Section 1 (Existence of Almost-Complex Structures)",False,2,3,3,chern_number_formula,PontrjaginObstructions.lean,high,True,"- hirzebruch_signature_axiom (theorem, transitive)",,,,
66,lemma,Lemma 1,"Lecture 24, Section 2 (Seiberg-Witten Invariants)",False,2,3,2,clifford_isomorphisms_exist,FourManifoldsSW.lean,high,True,"None — fully proved, no sorry in dependency chain",,,,
58,proposition,Proposition 2,"Symplectic Geometry, Lecture 18",False,2,1,4,donaldson_holomorphic_approximation_exp_bound,DonaldsonHolomorphicApprox.lean,high,False,"None — fully proved, no sorry in dependency chain",,,,
59,theorem,Theorem 3 (Donaldson),"Symplectic Geometry, Lecture 21, Section 2",False,2,3,2,donaldson_theorem3_axiom,DonaldsonLefschetz.lean,high,True,"None — fully proved, no sorry in dependency chain",,,,
32,theorem,Theorem 2,Lecture 16,False,2,3,3,elliptic_fredholm,HodgeTheory.lean,high,True,"- elliptic_cokernel_finite_dim (theorem, direct) ; - elliptic_has_parametrix (th",,,,
31,corollary,Corollary 1,Lecture 16,False,2,4,3,elliptic_regularity,HodgeTheory.lean,high,False,"None — fully proved, no sorry in dependency chain",,,,
20,definition,Definition 1,"Symplectic Geometry, Lecture 10, Section 2 (Complex Vector Bundles and Chern Classes)",False,2,5,4,firstChernClassRep,ConnectionsCurvature.lean,high,False,"None — fully proved, no sorry in dependency chain",,,,
67,proposition,Proposition 1,"Lecture 25, Section 2 (Seiberg-Witten Equations)",False,2,3,4,gauge_action_preserves_solutions,GaugeAction.lean,high,False,"None — fully proved, no sorry in dependency chain",,,,
18,theorem,Theorem 1,"Symplectic Geometry, Lecture 12, Section 1 (Existence of Almost-Complex Structures)",False,2,3,3,hirzebruch_signature_theorem,PontrjaginObstructions.lean,high,True,"- hirzebruch_signature_axiom (theorem, direct)",,,,
38,proposition,Proposition 3,"Lecture 13, Section 1, Integrability of Almost-Complex Structures",False,2,4,4,isIntegrable_of_hasHolomorphicCoords,NijenhuisGoals.lean,high,False,"None — fully proved, no sorry in dependency chain",,,,
60,lemma,Lemma 1,"Symplectic Geometry, Lecture 21, Section 1",False,2,1,3,kodaira_thurston_first_betti,Counterexamples.lean,medium,False,"None — fully proved, no sorry in dependency chain",,,,
12,theorem,Theorem 2,"Lecture 6, Section 1 (Applications)",False,1,1,3,lagrangian_intersection_c1_close,WeinsteinNeighborhood.lean,high,True,"- evt_ge_two_critical_points (theorem, direct)",,,,
49,lemma,Lemma 2,Lecture 16,False,2,2,3,lemma2_L2_adjointness,HodgeTheory.lean,high,False,"None — fully proved, no sorry in dependency chain",,,,
15,theorem,Theorem 4 (Local Moser),"Lecture 5, Section 1 (Tubular Neighborhoods)",False,3,2,3,local_moser_theorem4_book,WeinsteinNeighborhood.lean,high,True,"- contractionSurjective_of_injective (theorem, direct) ; - moserFlowNeighborhood",,,,
68,theorem,Theorem 2,"Lecture 25, Section 2 (Seiberg-Witten Equations)",False,3,2,3,positive_scalar_curvature_vanishing,FourManifoldsSW.lean,high,True,"- no_reducibles_axiom (theorem, direct) ; - sc_compat_axiom (theorem, direct)",,,,
24,corollary,Corollary 2,"Symplectic Geometry, Lecture 8, Section 1 (Almost-complex Structures)",False,2,1,2,sections_principle_Mathlib,AlmostComplexManifolds.lean,high,True,"None — fully proved, no sorry in dependency chain",,,,
70,proposition,Proposition 2,"Lecture 24, Section 3 (Dirac Operator)",False,1,3,1,spinc_connections_affine,SpinCConnectionsAffine.lean,medium,True,"None — fully proved, no sorry in dependency chain",,,,
69,theorem,Theorem 3,"Lecture 24, Section 2 (Seiberg-Witten Invariants)",False,2,3,2,spinc_theorem3_complete,FourManifoldsSW.lean,high,True,"None — fully proved, no sorry in dependency chain",,,,
62,theorem,Theorem 1,"Lecture 25, Section 2 (Seiberg-Witten Equations)",False,2,1,4,sw_moduli_space_theorem1,SWModuliGoal62.lean,high,True,"- sw_moduli_compactness_axiom (theorem, direct) ; - sw_moduli_smooth_structure_a",,,,
5,theorem,Theorem 1,"Lecture 6, Section 1 (Applications)",False,4,2,4,symplectomorphism_fixed_points,SymplectomorphismFixedPoints.lean,high,True,"- weinstein_identification_bridge (theorem, transitive)",yes,B1,C3,Mathlib-manifold statement; bridge step is sorry; H1-vanishing definition chart-dependent (B4 concern)
53,theorem,Theorem 1 (Thurston),"Symplectic Geometry, Lecture 21, Section 2",False,3,1,3,thurston_symplectic_fibration,LefschetzPencils.lean,high,True,"- fibration_horizontal_nondegen (theorem, transitive) ; - fibration_tangent_spli",,,,
14,theorem,Theorem 3,"Lecture 5, Section 1 (Tubular Neighborhoods)",False,3,2,3,tubular_neighborhood_theorem,WeinsteinNeighborhood.lean,high,False,"None — fully proved, no sorry in dependency chain",yes,B3,C2,content in HasTubularExpMapData / HasIFTData; witnesses depend on sorryAx
16,theorem,Theorem 5 (Weinstein's Lagrangian Neighborhood),"Lecture 5, Section 1 (Tubular Neighborhoods)",False,3,1,3,weinstein_lagrangian_neighborhood_book3,WeinsteinNeighborhood.lean,high,True,"- contractionSurjective_of_injective (theorem, transitive) ; - ode_flow_exists (",,,,
34,definition,Definition 2,"Lecture 15, Section 1, Hodge Theory",True,3,5,3,Codifferential,HodgeTheory.lean,high,False,"None — fully proved, no sorry in dependency chain",,,,
27,proposition,Proposition 5,"Symplectic Geometry, Lecture 8, Section 1 (Almost-complex Structures)",True,3,5,4,CompatibleTriple.sp_cap_O_eq_U,MatrixGroupIntersections.lean,high,False,"None — fully proved, no sorry in dependency chain",yes,B2,C1,proves Sp∩O = U; U defined as GL∩O
28,definition,Definition 3,"Symplectic Geometry, Lecture 8, Section 2 (Vector Bundles and Connections)",True,3,5,3,Connection,ConnectionsCurvature.lean,high,False,"None — fully proved, no sorry in dependency chain",,,,
41,definition,Definition 4,"Lecture 15, Section 1, Hodge Theory",True,4,5,3,HarmonicForms,HodgeTheory.lean,high,False,"None — fully proved, no sorry in dependency chain",yes,B1,C5,read statement
33,definition,Definition 1,Lecture 16,True,3,5,3,HasParametrix,HodgeTheory.lean,high,False,"None — fully proved, no sorry in dependency chain",yes,B4,C5,Sobolev predicate is a free field
1,definition,Definition 2,"Lecture 4, Section 2 (Moser's Theorem)",True,4,5,4,IsDeformationEquivalent,MoserDarboux.lean,medium,False,"None — fully proved, no sorry in dependency chain",yes,B4,C5,topology on forms is an unconstrained instance
71,definition,Definition 4,"Lecture 24, Section 3 (Dirac Operator)",True,3,5,3,IsSWSolution,FourManifoldsSW.lean,high,False,"None — fully proved, no sorry in dependency chain",,,,
63,definition,Definition 1,"Lecture 25, Section 2 (Seiberg-Witten Equations)",True,3,5,3,IsSWSolutionWith,FourManifoldsSW.lean,high,False,"None — fully proved, no sorry in dependency chain",,,,
0,definition,Definition 1,"Lecture 4, Section 1 (Hamiltonian Vector Fields)",True,5,5,4,IsSymplecticVectorField,HamiltonianVectorFields.lean,high,False,"None — fully proved, no sorry in dependency chain",yes,B1,C5,read statement
37,proposition,Proposition 2,Lecture 16,True,3,4,4,JActsOnForms.laplacian_C_eq_laplacian,HodgeTheory.lean,high,False,"None — fully proved, no sorry in dependency chain",,,,
29,definition,Definition 4,"Symplectic Geometry, Lecture 8, Section 2 (Vector Bundles and Connections)",True,3,5,3,MetricCompatible,ConnectionsCurvature.lean,high,False,"None — fully proved, no sorry in dependency chain",,,,
43,definition,Definition 6,"Lecture 15, Section 1, Hodge Theory",True,3,5,3,ParametrixOnManifold.HasParametrixOnManifold,ParametrixOnManifold.lean,high,False,"None — fully proved, no sorry in dependency chain",,,,
64,definition,Definition 2,"Lecture 25, Section 2 (Seiberg-Witten Equations)",True,3,5,3,SWModuliSpace,FourManifoldsSW.lean,high,False,"None — fully proved, no sorry in dependency chain",,,,
55,definition,Definition 1,"Symplectic Geometry, Lecture 21, Section 2",True,4,5,4,SymplecticFibration,LefschetzPencils.lean,high,False,"None — fully proved, no sorry in dependency chain",,,,
8,definition,Definition 5,"Lecture 2, Section 2 (Symplectic Vector Spaces)",True,3,5,4,SymplecticLinearAlgebra.IsLagrangian,SymplecticLinearAlgebra.lean,medium,False,"None — fully proved, no sorry in dependency chain",yes,B2,C5,only Lagrangian of isotropic/coisotropic/Lagrangian is defined
7,definition,Definition 4,"Lecture 2, Section 2 (Symplectic Vector Spaces)",True,5,5,4,SymplecticLinearAlgebra.IsSymplecticSubspace,SymplecticLinearAlgebra.lean,high,False,"None — fully proved, no sorry in dependency chain",,,,
3,definition,Definition 3,"Lecture 2, Section 2 (Symplectic Vector Spaces)",True,5,5,3,SymplecticLinearAlgebra.SymplecticBasis,SymplecticStandardBasis.lean,high,False,"None — fully proved, no sorry in dependency chain",yes,B1,C5,read statement
9,definition,Definition 6,"Lecture 2, Section 2 (Symplectic Vector Spaces)",True,4,5,4,SymplecticLinearAlgebra.symplecticVolumeForm,SymplecticLinearAlgebra.lean,high,False,"None — fully proved, no sorry in dependency chain",,,,
10,definition,Definition 7,"Lecture 2, Section 3 (Symplectic Manifolds)",True,3,5,4,SymplecticManifold,SymplecticManifolds.lean,high,False,"None — fully proved, no sorry in dependency chain",,,,
11,definition,Definition 8,"Lecture 2, Section 3 (Symplectic Manifolds)",True,4,5,4,Symplectomorphism,SymplecticManifolds.lean,high,False,"None — fully proved, no sorry in dependency chain",,,,
4,proposition,Proposition 2,"Lecture 5, Section 1 (Tubular Neighborhoods)",True,3,5,4,WeinsteinNeighborhood.lagrangianQuotientDualEquiv,WeinsteinNeighborhood.lean,high,False,"None — fully proved, no sorry in dependency chain",yes,B2,C3,"fibrewise linear algebra, not bundle isomorphism"
26,proposition,Proposition 4,"Symplectic Geometry, Lecture 8, Section 1 (Almost-complex Structures)",True,5,5,4,acs_submanifold_symplectic,AlmostComplexManifolds.lean,high,False,"None — fully proved, no sorry in dependency chain",yes,B2,C2,pointwise subspace version
45,corollary,Corollary 2,Lecture 16,True,4,3,3,corollary2_green_operator_summary,HodgeTheory.lean,high,True,"- green_operator_decomposition (theorem, direct) ; - laplacian_is_elliptic_axiom",,,,
52,corollary,Corollary 4,Lecture 16,True,3,4,3,corollary4_kahler_hodge,HodgeTheory.lean,high,False,"None — fully proved, no sorry in dependency chain",,,,
50,theorem,Theorem 6,Lecture 16,True,3,3,4,dolbeault_cohomology_iso_harmonic,HodgeTheory.lean,high,True,"- dolbeault_existence_bigraded (theorem, transitive)",,,,
30,theorem,Theorem 1,Lecture 16,True,3,3,3,elliptic_has_parametrix,HodgeTheory.lean,high,True,"None — fully proved, no sorry in dependency chain",yes,B1,C4,statement only; source defers to Wells
40,theorem,Theorem 3,Lecture 16,True,3,3,3,elliptic_solvability,HodgeTheory.lean,high,True,"None — fully proved, no sorry in dependency chain",yes,B1,C4,statement only; source defers to Wells
17,proposition,Proposition 2,"Symplectic Geometry, Lecture 9, Section 1 (Curvature)",True,3,5,4,gauge_transformation_curvature,ConnectionsCurvature.lean,high,False,"None — fully proved, no sorry in dependency chain",,,,
54,theorem,"Theorem 2 (Gompf, 1998)","Symplectic Geometry, Lecture 21, Section 2",True,3,3,3,gompf_lefschetz_symplectic,SymplecticFibrations.lean,high,True,"- gompf_construction (theorem, direct)",,,,
44,theorem,Theorem 4,Lecture 16,True,3,3,4,green_operator_decomposition,HodgeTheory.lean,high,True,"None — fully proved, no sorry in dependency chain",yes,B1,C4,statement only; source defers to Wells
13,proposition,Proposition 3,"Lecture 3, Section 2 (Hamiltonian Vector Fields)",True,3,4,4,hamiltonian_flow_preserves_symplectic_form,HamiltonianVectorFields.lean,high,False,"None — fully proved, no sorry in dependency chain",yes,B1,C2,flow ODE and constancy principle are structure fields
46,corollary,Corollary 3,Lecture 16,True,3,4,4,hodge_decomposition_orthogonal,HodgeTheory.lean,high,False,"None — fully proved, no sorry in dependency chain",,,,
47,theorem,Theorem 5 (Hodge),Lecture 16,True,3,4,4,hodge_representative_exists_unique,HodgeTheory.lean,high,False,"None — fully proved, no sorry in dependency chain",yes,B3,C2,Green-operator existence is a hypothesis
36,proposition,Proposition 1,Lecture 16,True,4,4,4,hodge_star_pq_type,HodgeTheory.lean,high,False,"None — fully proved, no sorry in dependency chain",,,,
48,lemma,Lemma 1,Lecture 16,True,3,4,3,kahler_identities_all_four,HodgeTheory.lean,high,False,"None — fully proved, no sorry in dependency chain",yes,B3,C2,"identities 3, 4 are hypotheses; identity 1 is a field"
51,theorem,Theorem 7,Lecture 16,True,4,4,3,kahler_laplacian_identity,HodgeTheory.lean,high,False,"None — fully proved, no sorry in dependency chain",,,,
35,definition,Definition 3,"Lecture 15, Section 1, Hodge Theory",True,4,5,4,laplacian,HodgeTheory.lean,high,False,"None — fully proved, no sorry in dependency chain",,,,
39,proposition,Proposition 4,"Lecture 13, Section 1, Integrability of Almost-Complex Structures",True,3,4,3,nijenhuis_dual_map_is_d_20_typed,KahlerManifolds.lean,high,False,"None — fully proved, no sorry in dependency chain",,,,
2,proposition,Proposition 1,"Lecture 5, Section 1 (Tubular Neighborhoods)",True,3,4,3,relative_poincare_lemma,WeinsteinNeighborhood.lean,high,False,"None — fully proved, no sorry in dependency chain",yes,B3,C2,homotopy operator is a hypothesis; never instantiated
22,definition,Definition 2,"Symplectic Geometry, Lecture 10, Section 2 (Complex Vector Bundles and Chern Classes)",True,3,4,2,totalChernFormGeometric,ChernFormGrading.lean,high,False,"None — fully proved, no sorry in dependency chain",,,,
